8,9,0,1,2,3,4,5,6,7
0,10,16,40,305.66641724040295,0.0,-356.8406603310289,False,False,False
0,20,28,302,173.37522555468883,0.0,-349.0071324221007,False,False,False
0,30,2,550,37.68241591612128,0.9181485992691839,6.240718456642269,False,False,False
0,39,2000,3050.0,4.4553099733869495,1.0,84.6447563058306,True,False,True
1,10,4,20,315.7391349135934,0.0,-357.9590612023184,False,False,False
1,20,8,68,290.1145818243952,0.0,-356.78640764631535,False,False,False
1,30,4,152,249.3108455476993,0.0,2.386361397716014,False,False,False
1,40,16,204,222.61335676282215,0.0,-356.6869145157128,False,False,False
1,50,8,256,197.2116788601661,0.0,-356.35667609117104,False,False,False
1,60,22,444,102.97198501464791,0.2109108621529469,-4.892672392181202,False,False,False
1,70,607.9999999999994,1149.9999999999995,25.450620826410642,1.0,312.81505671396974,False,False,False
1,80,2000,3149.9999999999995,25.307761272344514,1.0,226.78374785612263,True,False,True
2,10,4,12,318.37697642643633,0.0,-358.04260273203187,False,False,False
2,20,30,234,208.02443553449692,0.0,-346.810410528132,False,False,False
2,30,26,526,61.00319175831332,0.6751887022157292,-7.56769327041689,False,False,False
2,37,-30.21579605198402,1017.7842039480159,41.85366342204112,0.9653404930436905,189.98541319567218,False,True,True
3,10,4,20,315.2592502789656,0.0,-357.6273252458986,False,False,False
3,20,24,160,245.5188984762097,0.0,-353.4462727130338,False,False,False
3,30,14,394,127.68280556490502,0.0,7.823937717306062,False,False,False
3,40,0,442,104.00326052849346,0.20939858777696616,8.528673717238208,False,False,False
3,50,16,488,81.17262756138122,0.45934761441090555,2.328205612415635,False,False,False
3,60,-2,1046.0,50.971551317997296,0.8147065984903823,183.72425403007117,False,False,False
3,66,-42.240949821593624,975.7590501784064,81.5128839710257,0.47945538536348165,172.74299871040247,False,True,True
4,10,8,28,311.96177087392334,0.0,-357.98787593911595,False,False,False
4,20,4,128,261.5666605209241,0.0,1.2397960254844176,False,False,False
4,30,4,168,240.51967012711813,0.0,-2.2964546519939226,False,False,False
4,40,20,240,205.69518002197074,0.0,-2.3727903964262125,False,False,False
4,50,22,510,64.71049159610321,0.6205552849488554,337.6513251576476,False,False,False
4,58,-28.54454300731654,1007.4554569926835,40.91690482311654,0.997808619430241,217.2386642921835,False,True,True
5,10,6,26,311.9605073563775,0.0,-357.8853132492447,False,False,False
5,20,24,184,233.04207347250852,0.0,-352.03856976489857,False,False,False
5,30,6,348,150.49778500601323,0.0,-345.4923338942953,False,False,False
5,40,4,360,144.40819303359518,0.0,-345.4837313368989,False,False,False
5,50,20,456,95.46782208696953,0.32018504991477964,-344.3146074752403,False,False,False
5,59,-24.659599386500556,1019.3404006134995,28.554068338782944,0.9990236758603857,139.3867360561193,False,True,True
6,10,6,26,311.96137373063664,0.0,-357.73328865425924,False,False,False
6,20,24,182,233.10586656228003,0.0,-348.62771489754266,False,False,False
6,30,8,354,146.6247798033339,0.0,-340.128518393768,False,False,False
6,40,8,392,127.0378016404694,0.00876765708718948,-337.4797852750243,False,False,False
6,50,8,440,101.58283090385966,0.28839133609150647,-334.4458943382902,False,False,False
6,60,2,1063.9999999999998,38.313136870690755,1.0,56.04128751486272,False,False,False
6,68,2000,3066.0,32.0497348209181,1.0,96.29978912078646,True,False,True
7,10,8,28,311.9600719270488,0.0,-357.9223319647584,False,False,False
7,20,24,184,233.03148304965794,0.0,-352.9169094631307,False,False,False
7,30,28,474,86.48748712197192,0.4003896736483195,9.417109376709698,False,False,False
7,39,-28.631489014860012,1019.36851098514,36.64880305874391,0.9936755047433714,172.7991558116781,False,True,True
8,10,8,28,311.96048455551903,0.0,-357.99324375615953,False,False,False
8,20,24,184,232.9097090790574,0.0,-354.4612915681897,False,False,False
8,30,12,392,129.1265121038274,0.0,6.041624436376239,False,False,False
8,40,0,438,105.56738060083755,0.18719571567672832,5.520824932483178,False,False,False
8,50,500.0,1050.0,14.73635546486001,1.0,5.898748684725232,False,False,False
8,55,-25.935256716616795,1024.0647432833832,28.089926206469343,0.9883211678832117,174.8231962327473,False,True,True
9,10,6,26,311.9629491022404,0.0,-356.8925528047759,False,False,False
9,20,8,138,256.454285844332,0.0,-348.33769054819976,False,False,False
9,30,16,194,227.72346483443707,0.0,-348.660419851239,False,False,False
9,40,6,314,167.66328702706699,0.0,6.00716653792024,False,False,False
9,50,20,380,135.85795252347847,0.0,2.6529561196583926,False,False,False
9,60,-2,518,48.816379680484225,0.8089559503528839,235.2263276035839,False,False,False
9,63,-38.761432725041914,465.2385672749581,72.9798160964054,0.46859785783836416,208.13042318347632,False,True,True
10,10,6,26,311.9628315334832,0.0,-357.49177138623577,False,False,False
10,20,4,118,265.7982141493786,0.0,-354.3385998274186,False,False,False
10,30,8,140,255.00813408634647,0.0,-354.9376487403909,False,False,False
10,40,28,342,153.6438244132785,0.0,-350.11229074507344,False,False,False
10,50,0,1046.0,14.567150897491938,1.0,63.262446133610815,False,False,False
10,53,-27.846603960833267,1018.1533960391668,35.78626088286737,0.9281714146579011,156.28500120473697,False,True,True
11,10,8,28,311.95898733541327,0.0,1.0933458209483917,False,False,False
11,20,24,184,232.90644213280035,0.0,-354.2254480140195,False,False,False
11,30,28,476,86.27552432156128,0.3885102239532619,6.967508819601225,False,False,False
11,40,2,1050.0,13.245175273442245,1.0,151.661895334144,False,False,False
11,45,2000,3050.0,22.644230832644187,1.0,162.39269207136712,True,False,True
12,10,4,8,321.1358965045478,0.0,-358.08229016163574,False,False,False
12,20,30,176,236.93088794943762,0.0,-352.07994463080405,False,False,False
12,30,14,388,129.19329048135722,0.0,-339.3554079514583,False,False,False
12,40,6,440,103.00352645292185,0.250852411105699,-335.02149521879016,False,False,False
12,50,0,488,74.60710078350044,0.6004872107186358,-323.94187609647236,False,False,False
12,60,683.3333333333333,1201.3333333333333,44.12831257349605,1.0,58.5807701743899,False,False,False
12,70,0,1205.3333333333333,40.64578749733281,1.0,67.57948169971029,False,False,False
12,76,2000,3205.333333333333,39.99376658529294,1.0,70.16013025399948,True,False,True
13,10,6,26,311.96037484045075,0.0,-357.6726378780881,False,False,False
13,20,24,184,232.93854932403605,0.0,-353.72269606489124,False,False,False
13,30,16,416,116.61110846633215,0.05941076211346481,-2.6911038338181292,False,False,False
13,40,0,474,86.77150001427525,0.3818447310781212,-9.281181538844404,False,False,False
13,50,10,510,67.52218600772802,0.580472364256148,-14.331128776959337,False,False,False
13,60,4,534,49.519505594740885,0.784027270513757,336.94415699797196,False,False,False
13,70,2,1168.6666666666672,22.411640029157258,1.0,294.1828837584308,False,False,False
13,76,2000,3168.666666666667,22.346882862239976,1.0,293.6396691578581,True,False,True
14,10,6,26,311.96183628436273,0.0,-357.40287947545363,False,False,False
14,20,0,92,278.1664337866533,0.0,-356.4116289021523,False,False,False
14,30,12,212,219.2295562722187,0.0,1.790795665523489,False,False,False
14,40,4,268,191.31150146536763,0.0,-3.431312577123822,False,False,False
14,50,24,446,98.02442253408357,0.25504989048430277,328.1154108077112,False,False,False
14,60,-2,498,59.9014087196641,0.7270955165692008,243.56854988759957,False,False,False
14,70,0,488,70.3325690083587,0.5719153078607934,228.69964254561245,False,False,False
14,80,0,488,69.37233308473532,0.5723331709693132,230.04861693623806,False,False,False
14,90,0,488,69.33367030090422,0.594884287454324,230.17014576272533,False,False,False
14,100,0,488,69.42983381898478,0.5722289890377589,230.08164472953118,False,False,False
14,110,0,490,68.85595128807925,0.5955739299610895,230.9730219323959,False,False,False
14,120,0,484,73.21388406494292,0.5266617969320672,223.9433471567919,False,False,False
14,130,0,484,72.99831006277715,0.5265335929892891,224.23912668232055,False,False,False
14,140,0,520,56.68071421871514,0.8064672988086555,264.88358978431415,False,False,False
14,150,0,530,57.52235264595693,0.8929179849111706,280.7936088556129,False,False,False
14,160,0,528,56.75823391761479,0.8621865108351595,275.82042849865326,False,False,False
14,170,0,528,56.76020426397224,0.8620102214650767,275.8821965289117,False,False,False
14,180,-2,526,56.506848459397624,0.8622871046228711,272.85746193683366,False,False,False
14,190,0,524,56.461438163964466,0.8440009734728644,271.6065898017716,False,False,False
14,200,0,526,56.407157507444666,0.8495252008765523,273.53434339085146,False,False,False
14,210,2,530,57.03734783004658,0.884100316532749,278.9293928249121,False,False,False
14,220,0,532,57.84669126668749,0.9018748478207937,283.63068055286425,False,False,False
14,230,0,530,57.28175398044302,0.8848868337795084,280.64431300155906,False,False,False
14,240,2,528,56.631188299706366,0.8649963512527366,275.3073250076169,False,False,False
14,250,2,532,57.70687861491447,0.8843438032627222,282.64554427625933,False,False,False
14,260,0,536,60.180766771976955,0.8626734842951059,291.3235620475705,False,False,False
14,270,0,536,60.24123125884714,0.8628835849975646,291.8636763775022,False,False,False
14,280,0,538,60.690057276658095,0.8639902676399027,293.54294269774323,False,False,False
14,290,0,536,59.16030944436489,0.8888888888888888,290.0233495689756,False,False,False
14,300,0,532,57.76736446913832,0.8999513145082765,284.8214693440171,False,False,False
14,310,0,534,57.82513796856199,0.9017031630170317,286.33707933632746,False,False,False
14,320,0,534,57.36744484129734,0.9078722885693395,284.55817184067894,False,False,False
14,330,0,526,55.86115845903473,0.867332035053554,273.3313792500918,False,False,False
14,340,-2,526,55.88886992592038,0.8661148977604674,273.6927314548563,False,False,False
14,350,6,536,58.021783773039225,0.9211295034079844,289.4977618134868,False,False,False
14,360,0,542,91.72347716284226,0.45801898272085667,326.672958620391,False,False,False
14,370,0,546,82.72773790555902,0.562636828022379,322.20800107190433,False,False,False
14,380,0,546,80.33545820142965,0.5863580998781973,320.1656763806931,False,False,False
14,390,0,548,75.56528924409739,0.6599269183922046,317.0206175546636,False,False,False
14,400,0,548,77.1051873654393,0.6392003900536324,318.17805000156,False,False,False
14,410,0,546,69.97063313131301,0.7312560856864654,311.8322122510972,False,False,False
14,420,0,546,65.34077117112285,0.8092570036540804,306.61703580158115,False,False,False
14,430,0,544,63.26424775096341,0.8371018721128131,303.5729368007442,False,False,False
14,440,0,544,61.09424926133815,0.879717555393231,300.7740093365866,False,False,False
14,450,0,544,61.78027085214396,0.8543594739405748,301.88922902293757,False,False,False
14,460,0,548,67.5185620271409,0.7847577307036766,310.8580256777695,False,False,False
14,470,0,546,62.96316980526757,0.8442443416889754,305.9088066712531,False,False,False
14,480,0,548,64.87719395545277,0.8284182305630027,308.612116547569,False,False,False
14,490,-2,544,59.575511651560625,0.9050170482221139,301.2945573578095,False,False,False
14,500,-2,538,53.97656344666249,0.9474324653200292,288.8017121251519,False,False,False
14,506,2000,2538,53.72709799063823,0.9474324653200292,287.82394587363996,True,False,True
15,10,6,26,311.9627467465735,0.0,-357.63540960952986,False,False,False
15,20,24,182,233.19597017627558,0.0,-349.40720688918407,False,False,False
15,30,16,424,112.96947116493222,0.12423873325213154,2.918134157237664,False,False,False
15,40,4,532,58.745980153831574,0.6850182704019488,2.5932226051390854,False,False,False
15,50,0,550,47.95252420310576,0.8096860550012168,0.6871706956765308,False,False,False
15,60,0,552,48.14255238911741,0.8098831548198637,0.7306654446962132,False,False,False
15,70,0,1050.0,3.662729305956114,1.0,-6.584002833031515,False,False,False
15,79,2000,3050.0,7.432260411623526,1.0,183.08457626952452,True,False,True
16,10,8,28,311.9603692720672,0.0,1.69706694191717,False,False,False
16,20,12,156,247.05617493775316,0.0,-0.5131216248415631,False,False,False
16,30,8,192,228.18251617542467,0.0,-1.984762856721083,False,False,False
16,40,2,258,196.0076944755531,0.0,-2.8886473006873925,False,False,False
16,50,8,326,161.77405547023412,0.0,-12.263989740326338,False,False,False
16,60,6,412,117.14263947611963,0.05206812652068127,339.84429997079155,False,False,False
16,70,0,462,91.07267400269708,0.3412022389875882,332.7102167792436,False,False,False
16,80,2,476,81.34476783054404,0.4657901144387631,328.37132873511115,False,False,False
16,90,0,500,64.79449605046099,0.683698296836983,318.44673794175617,False,False,False
16,100,-2,504,59.72571640895451,0.7495741056218058,313.65202025861373,False,False,False
16,110,0,510,53.87740422979144,0.848661800486618,305.72617970712423,False,False,False
16,120,0,510,55.855382478824765,0.8170523751522534,308.6802014995682,False,False,False
16,130,0,512,54.556311869758304,0.8384971944376677,307.0003114853436,False,False,False
16,140,2,514,49.776950790519884,0.9223088163662932,298.7631444799504,False,False,False
16,142,2000,2514,49.676242012667586,0.9322942036044812,298.57583436078374,True,False,True
17,10,0,16,317.47872853985945,0.0,-357.71389375525473,False,False,False
17,20,28,168,240.51851544656688,0.0,-352.9191050921943,False,False,False
17,30,16,412,118.77862989914695,0.05306718597857838,5.702672065161558,False,False,False
17,40,12,528,61.932313979918426,0.6419182083739046,-1.305249696048833,False,False,False
17,50,0,548,49.22615455666033,0.7876429092678181,-3.918214237505602,False,False,False
17,60,2,550,41.30228513361179,0.873356064296152,-5.381077597557403,False,False,False
17,70,-2,1075.3333333333335,9.662567370639762,1.0,328.9839480775378,False,False,False
17,75,-26.834504248962876,1050.4988290843705,30.945127245197092,0.9926989535166707,186.33901320549924,False,True,True
18,10,6,26,311.96281405995927,0.0,-357.6492076592948,False,False,False
18,20,26,184,233.0960364264894,0.0,-353.20982740105984,False,False,False
18,30,18,450,98.8289343872992,0.24214372716199756,-11.823975751573565,False,False,False
18,40,0,522,57.34882699109998,0.6987335606429615,337.5910370497712,False,False,False
18,50,0,1040.0,24.099085585836658,1.0,260.59172174283975,False,False,False
18,57,2000,3036.0,33.84751564963381,1.0,222.65255947893306,True,False,True
19,10,6,26,311.9627296838806,0.0,-356.94751437901976,False,False,False
19,20,6,138,256.06442221626355,0.0,-356.3659103125511,False,False,False
19,30,12,192,228.57542293734738,0.0,-354.6898744406057,False,False,False
19,40,12,316,166.44405825613444,0.0,-355.36811397217826,False,False,False
19,50,26,506,71.53121223322472,0.5523623964929372,5.074085535370872,False,False,False
19,57,-25.868900668576682,1024.1310993314232,27.825262081621446,0.9990253411306043,177.59387422150488,False,True,True
20,10,6,26,311.96070950089256,0.0,-357.87339183459403,False,False,False
20,20,26,184,233.11975233901373,0.0,-352.1406038365175,False,False,False
20,30,10,376,136.6105200221305,0.0,7.498229656000051,False,False,False
20,40,8,412,118.970473875852,0.05306718597857838,6.8949174918313645,False,False,False
20,50,0,1050.0,5.841376019778233,1.0,1.9034139684045959,False,False,False
20,53,-26.721063905068902,1023.278936094931,30.535863477976157,0.9929320009748964,175.32839718638263,False,True,True
21,10,4,24,313.8603115442539,0.0,-357.4055289909795,False,False,False
21,20,22,108,271.1825739495641,0.0,-353.35222682943936,False,False,False
21,30,22,382,131.59918323333585,0.0,-335.9447131153279,False,False,False
21,40,2,488,68.58138911642448,0.740009746588694,-308.0575302180274,False,False,False
21,50,2,496,70.77530287689416,0.7078159240321402,-310.47743262455685,False,False,False
21,60,0,494,69.6718895698656,0.729176814417925,-309.37145950294587,False,False,False
21,70,0,496,62.54419012040209,0.8489051094890511,-301.9503934068822,False,False,False
21,80,0,498,61.21727767461189,0.8692476260043828,-299.83329877971147,False,False,False
21,90,2,502,59.58810775608276,0.8997322949622779,-296.809444303935,False,False,False
21,100,0,504,62.555528868015685,0.8486986134760399,-301.96497395740516,False,False,False
21,110,0,502,60.902017556147314,0.878559260160623,-298.9015920667591,False,False,False
21,120,0,502,54.32132752447585,0.9291108404384897,-280.2561494793964,False,False,False
21,130,0,504,53.880559644060554,0.9308666017526777,-277.6581201081925,False,False,False
21,140,0,508,55.06435709421462,0.9432814021421616,-283.8335794021951,False,False,False
21,141,2000,2508,55.06435709421462,0.9432814021421616,-283.8335794021951,True,False,True
22,10,6,26,311.9620436342149,0.0,-357.8205520313492,False,False,False
22,20,24,184,232.85172286392702,0.0,1.4809139427046842,False,False,False
22,30,16,444,102.33856969216517,0.20797859401605448,-1.7253190390543707,False,False,False
22,40,0,1048.0,17.296252947166245,1.0,325.86890427488663,False,False,False
22,47,2000,3048.0,13.654290231624909,1.0,225.55013828800534,True,False,True
23,10,6,26,311.96255482752986,0.0,-357.57457163159046,False,False,False
23,20,8,96,277.3405960830772,0.0,-357.7041713792213,False,False,False
23,30,24,256,197.74870733742443,0.0,-1.511914986927714,False,False,False
23,40,18,526,55.50474831082619,0.7209924592556556,341.09682856515957,False,False,False
23,50,-2,1040.0,24.954486953657238,1.0,232.68886135141804,False,False,False
23,54,2000,3044.0,23.015028773496518,1.0,240.12909869632986,True,False,True
24,10,6,26,311.9608673110638,0.0,-357.73702154813145,False,False,False
24,20,24,184,233.0212107735497,0.0,-352.6600716833022,False,False,False
24,30,16,416,116.63023458865713,0.07087189478811495,3.6700668306418103,False,False,False
24,40,0,484,82.77132511186339,0.4392500608716825,2.633291610194682,False,False,False
24,50,0,536,56.55290597333598,0.705352798053528,-1.4403036411155408,False,False,False
24,60,0,550,35.72746097562773,0.9230769230769231,-3.8017669610291036,False,False,False
24,68,2000,2552,31.459227695676912,0.962043795620438,-5.1736211181340455,True,False,True
25,10,8,28,311.9610212010469,0.0,1.8228283170456296,False,False,False
25,20,24,184,232.91875551688418,0.0,-355.15591904279484,False,False,False
25,30,8,350,149.9154742113495,0.0,-353.1559989338702,False,False,False
25,40,12,392,128.34281840608924,0.0,6.528746591417455,False,False,False
25,50,0,418,116.07698397496618,0.07696054554310765,-352.4044488256133,False,False,False
25,60,12,458,96.10519903863332,0.2938169425511198,7.248842258318425,False,False,False
25,70,0,1050.0,20.24526410786826,1.0,159.53995189333077,False,False,False
25,71,-26.506010653671396,1023.4939893463286,30.42265410745547,0.9664233576642336,165.2837216472792,False,True,True
26,10,6,26,311.9614091258855,0.0,-357.48013927681177,False,False,False
26,20,16,168,240.21707561352432,0.0,-2.012747563419943,False,False,False
26,30,12,338,152.71753710292762,0.0,326.9495508826835,False,False,False
26,40,0,410,112.14281273617559,0.1135976648017514,301.8617466044876,False,False,False
26,50,0,412,110.19100626316504,0.1301386523960107,300.1877916194463,False,False,False
26,60,0,414,108.89820508229022,0.13760350706283486,299.45932882662765,False,False,False
26,70,0,418,108.27504950505866,0.14564052605942523,298.9052665174053,False,False,False
26,80,0,422,104.23039905344784,0.1655306718597858,294.5139989671427,False,False,False
26,90,2,430,98.68674595498857,0.1855820750121773,286.21127846525076,False,False,False
26,100,0,436,98.2953875084984,0.18314661471018023,285.44087990783214,False,False,False
26,110,0,438,102.39811982941202,0.18354430379746836,292.8449617351875,False,False,False
26,120,0,438,100.53261145908634,0.186222005842259,289.79052845027246,False,False,False
26,130,0,438,100.9138501552631,0.17874513618677043,290.4960629908233,False,False,False
26,140,0,438,100.86140730587945,0.17874513618677043,290.430585802729,False,False,False
26,150,2,436,95.14117628566652,0.18865628042843233,272.17454789101413,False,False,False
26,151,-36.01624147522739,399.9837585247726,95.17721612831163,0.19435660423254683,266.35282009380484,False,True,True
27,10,6,26,311.9625730981877,0.0,-357.5465943397682,False,False,False
27,20,12,156,247.25428175745765,0.0,-355.16420022900866,False,False,False
27,30,14,208,221.63786446566704,0.0,-355.5008386674269,False,False,False
27,40,32,472,89.47649379933817,0.3502921129503408,-1.735585603446275,False,False,False
27,48,-25.474212245323947,1024.525787754676,26.60746460302185,0.9924555853005598,176.7375926539039,False,True,True
28,10,0,16,317.09782965070445,0.0,-357.7395710874246,False,False,False
28,20,26,130,259.59674968864624,0.0,-350.95446262251676,False,False,False
28,30,28,420,113.1911954056669,0.12713102776424745,-340.2547549628465,False,False,False
28,40,-27.68305087604625,1006.3169491239538,41.66492115171623,0.928919182083739,131.0266673896556,False,True,True
29,10,6,26,311.9633134723138,0.0,-357.2623771588893,False,False,False
29,20,24,184,232.9000080180744,0.0,-356.94998180794437,False,False,False
29,30,20,458,92.38912217263174,0.34453372291210127,-333.93564146109924,False,False,False
29,40,0,518,46.22972126013026,0.9746650426309379,-299.1913318244443,False,False,False
29,42,2000,2518,46.303065567634086,0.9746650426309379,-299.3103980057013,True,False,True
30,10,4,16,317.65912895360776,0.0,-357.3711730302032,False,False,False
30,20,8,64,292.6468647945321,0.0,-356.36976467180904,False,False,False
30,30,28,250,199.56342440283672,0.0,-346.244133931639,False,False,False
30,40,8,426,109.50799804872622,0.18515815085158152,-334.99428401782956,False,False,False
30,50,0,438,102.52068738299255,0.2610813443740867,-333.3228855056121,False,False,False
30,60,8,496,67.31584849174419,0.7055528494885533,-318.84406348962955,False,False,False
30,70,2,512,53.78532932396587,0.9174981747383791,-308.4320793264028,False,False,False
30,80,2,1259.3333333333335,42.22383634622683,1.0,-281.63488860565684,False,False,False
30,90,0,1259.3333333333335,42.18852053789271,1.0,-281.44399866912704,False,False,False
30,97,2000,3261.3333333333335,43.13433652342189,1.0,-286.39884680131564,True,False,True
31,10,6,26,311.9619010990664,0.0,-357.3916156537764,False,False,False
31,20,24,184,233.00110936156315,0.0,-353.7411240128725,False,False,False
31,30,2,298,176.15980224840953,0.0,-352.6596033521312,False,False,False
31,40,24,394,128.30878769143828,0.0,-350.05950603200137,False,False,False
31,50,500.0,1042.0,23.371127649304967,1.0,47.32254447327851,False,False,False
31,55,-25.7886759920164,1016.2113240079836,31.185551206870567,0.9851473094716338,144.62799745148715,False,True,True
32,10,20,80,285.39003552893416,0.0,-353.9065472937926,False,False,False
32,20,0,154,247.5484781637468,0.0,-352.06638988223386,False,False,False
32,30,16,212,218.4911810140443,0.0,-354.8511931771722,False,False,False
32,40,28,492,77.85110833007427,0.4721614393386822,-10.803786955521625,False,False,False
32,50,-6,1022.0,59.25360493938855,0.7150865220570315,199.1303973454613,False,False,False
32,60,0,1004.0,74.81589325200082,0.5433723196881092,190.99877865638837,False,False,False
32,70,0,1010.0,69.60686287199344,0.5975134080936129,193.09952953779148,False,False,False
32,80,2,1014.0,65.70647068533083,0.6437956204379562,196.05822051541693,False,False,False
32,90,0,1016.0,64.1675369526153,0.6598540145985401,197.3032229289878,False,False,False
32,100,0,1016.0,63.82398692802548,0.6602485985864002,197.50400759689558,False,False,False
32,110,0,1016.0,63.566565665057304,0.6744639376218323,197.68842246591302,False,False,False
32,120,0,1016.0,63.45224123262858,0.6729131175468483,197.77664190116437,False,False,False
32,130,0,1018.0,62.254190783160475,0.688715953307393,198.6519254625283,False,False,False
32,140,0,1024.0,56.8936997033749,0.7490234375,202.73620722803432,False,False,False
32,150,0,1048.0,37.57855775424566,0.9528210116731517,226.24560920671217,False,False,False
32,160,0,1050.0,36.60893358068042,0.962493911349245,228.32921641960934,False,False,False
32,170,0,1052.0,35.71696294961079,0.9686055001216841,230.25067340580443,False,False,False
32,180,2,1084.0,31.92879390989428,0.9975686846584002,297.29181138457574,False,False,False
32,190,0,1080.0,30.6207438423311,1.0,291.3066116390298,False,False,False
32,200,0,1084.0,32.405090320602746,0.9953737521305089,298.27407123109816,False,False,False
32,210,0,1088.0,34.29966449167666,0.9836943295205646,304.09354857822,False,False,False
32,213,2000,3090.0,35.664290935134154,0.9717142160448671,307.9175694401815,True,False,True
33,10,6,26,311.9617854907336,0.0,-357.686207471326,False,False,False
33,20,24,184,232.95624559203708,0.0,-356.9775550476679,False,False,False
33,30,28,440,105.37949919364141,0.17425164273545876,-3.330588097778959,False,False,False
33,40,-28.05011673260796,1017.949883267392,35.78545540432005,0.9873479318734794,198.95031702082886,False,True,True
34,10,8,28,311.96056471024235,0.0,1.6618705631836554,False,False,False
34,20,24,184,232.83103899508336,0.0,-357.1358357850135,False,False,False
34,30,16,420,114.52456600017992,0.08154819863680624,1.5421179894063959,False,False,False
34,40,498.0,1048.0,24.280425832402997,1.0,-8.573351677626839,False,False,False
34,49,2000,3050.0,12.254456124987893,1.0,199.50704852058522,True,False,True
35,10,6,26,311.9622020237343,0.0,-357.4041976474714,False,False,False
35,20,0,52,298.19757432915975,0.0,-356.8765203180961,False,False,False
35,30,28,238,205.09555443306775,0.0,-349.098562241505,False,False,False
35,40,22,504,66.8596413459026,0.6984667802385008,29.235713663415037,False,False,False
35,46,-25.836109534217975,1008.1638904657821,36.66765342456271,0.9924519113708303,126.74957886770304,False,True,True
36,10,6,26,311.9614913809662,0.0,-357.761765863619,False,False,False
36,20,16,170,240.25987792903481,0.0,-353.0433987064139,False,False,False
36,30,6,224,212.50098947442999,0.0,-353.6567238228359,False,False,False
36,40,28,452,98.1007584266053,0.26022395326192793,-2.26086420656702,False,False,False
36,49,-26.631712626967524,1021.3682873730324,30.702091473228283,0.9995123140697391,193.26297952706963,False,True,True
37,10,6,26,311.9637533071005,0.0,-357.4613330537785,False,False,False
37,20,24,182,233.14840330317907,0.0,-349.244147673887,False,False,False
37,30,18,402,121.9889493250624,0.05524458505719153,-336.59956348771215,False,False,False
37,40,4,508,56.571054414041626,0.8725060827250608,-309.94391551492754,False,False,False
37,49,2000,3390.666666666667,47.71241889418864,1.0,-294.58622399326106,True,False,True
38,10,16,56,296.41207133477553,0.0,-354.6816270930812,False,False,False
38,20,28,332,157.51959422707245,0.0,-344.50285679111386,False,False,False
38,30,4,476,81.35577877610989,0.5132700267835403,-327.67698256082105,False,False,False
38,40,0,482,78.50215071807472,0.5487715884213087,-326.575352967751,False,False,False
38,50,2,492,70.39104271214995,0.6422308816366293,-323.35056718028744,False,False,False
38,60,2,508,57.992650944522296,0.8263516804676084,-314.0897536088868,False,False,False
38,70,0,512,52.62545297014182,0.9091794497199902,-308.7074293929197,False,False,False
38,80,0,516,47.6094233716716,0.9878197320341048,-301.0838242217194,False,False,False
38,90,0,1469.3333333333335,43.9419906058207,1.0,-292.44935087024066,False,False,False
38,99,2000,3471.3333333333335,43.8806448750419,1.0,-292.28874911540396,True,False,True
39,10,6,26,311.9616768978153,0.0,-357.81439512109245,False,False,False
39,20,10,106,271.9617598433264,0.0,-355.9007687214475,False,False,False
39,30,22,262,193.47317796369293,0.0,-352.0689135170269,False,False,False
39,40,18,522,55.2407023153887,0.76668290306868,-331.00030037041256,False,False,False
39,46,-26.571443443268567,1013.4285565567315,35.748634270346784,0.9844320116759913,137.19459511558244,False,True,True
40,10,6,26,311.96239312348206,0.0,-357.56904996658864,False,False,False
40,20,24,184,233.01033891374877,0.0,-354.7823494708728,False,False,False
40,30,28,478,85.38403796443168,0.40637935232529826,7.873800648779906,False,False,False
40,39,-27.733351147976776,1018.2666488520232,34.74588578956395,0.938382854359474,161.2434135718788,False,True,True
41,10,6,26,311.96061384542054,0.0,-357.87034066325083,False,False,False
41,20,24,184,233.01438161883942,0.0,-356.0200991288266,False,False,False
41,30,16,372,139.27492086601967,0.0,-2.8582730685283746,False,False,False
41,40,12,518,62.35925301990856,0.6377128953771289,342.231875615414,False,False,False
41,50,0,538,38.920918131843884,0.9105968331303289,324.73395909837734,False,False,False
41,60,-2,536,36.96367855516922,0.9408038976857491,322.55588511895655,False,False,False
41,70,0,1282.0000000000011,26.511350731102638,1.0,239.12498012109936,False,False,False
41,75,2000,3280.000000000001,33.08339754795185,1.0,222.94067851088064,True,False,True
42,10,6,26,311.9606368005206,0.0,-357.62097127142056,False,False,False
42,20,20,176,236.9154875397325,0.0,-353.822906148601,False,False,False
42,30,24,390,129.1529405140213,0.0,-11.648055550166987,False,False,False
42,40,-2,1028.0,37.43623444016699,0.9778534923339012,243.5876495775026,False,False,False
42,44,-38.14595363992654,977.8540463600734,68.89991313623798,0.6450903761602345,198.69734291551904,False,True,True
43,10,16,40,305.6663764550036,0.0,-356.8444581660404,False,False,False
43,20,28,302,173.02117093367812,0.0,-349.3748030759586,False,False,False
43,30,504.0,1042.0,31.234908193090714,1.0,30.959499567206826,False,False,False
43,34,-27.142433022711685,1016.8575669772883,34.18745904889662,0.9527520701412567,152.10141654905996,False,True,True
44,10,16,56,296.3923742756517,0.0,-356.89651423139554,False,False,False
44,20,16,298,175.66162037097473,0.0,-347.2923863462773,False,False,False
44,30,0,396,127.35981219394202,0.0,-345.4065621245962,False,False,False
44,40,14,518,54.47406621886287,0.8037496956415875,-326.4619392322761,False,False,False
44,46,-29.667688881055692,1002.3323111189443,45.95789902743339,0.9230581933284636,-221.43426110764796,False,True,True
45,10,6,26,311.96365448577836,0.0,-357.73726356633796,False,False,False
45,20,16,160,244.57905321109288,0.0,-357.1946006007777,False,False,False
45,30,4,296,176.6983529385779,0.0,2.3663060865525405,False,False,False
45,40,18,364,142.45933013535904,0.0,2.6306841736331177,False,False,False
45,50,0,432,109.42676186220191,0.1322454943984413,0.35254369248210327,False,False,False
45,60,0,496,76.5413844000752,0.4908736918958384,-4.7141142790843045,False,False,False
45,70,0,494,77.71728113335887,0.4759124087591241,-4.493346123402952,False,False,False
45,80,6,530,59.78276777436215,0.6678841003165328,-6.567363906025839,False,False,False
45,90,0,548,32.015583007037435,0.9549659201557936,345.39390053032577,False,False,False
45,100,2,1303.333333333333,18.903375920734284,1.0,335.0509714177538,False,False,False
45,107,2000,3303.333333333333,12.296381987648925,1.0,319.4577216388868,True,False,True
46,10,6,26,311.9620163063864,0.0,-357.6448928204373,False,False,False
46,20,26,184,233.10800644138035,0.0,-352.03076051505093,False,False,False
46,30,16,408,120.05155927256212,0.036523009495982466,-1.1207346312243913,False,False,False
46,40,2,462,93.20408675852224,0.3084795321637427,-7.807456499552335,False,False,False
46,50,0,510,68.16783898963978,0.5754992693619094,-14.292882674220188,False,False,False
46,60,6,532,49.89741140982585,0.7858187134502924,338.01935030696666,False,False,False
46,70,0,1140.6666666666665,21.77680935210663,1.0,247.755748072037,False,False,False
46,77,2000,3142.6666666666665,21.573750930859365,1.0,249.20743326594524,True,False,True
47,10,20,80,285.3955551627054,0.0,-355.3863244068538,False,False,False
47,20,22,346,151.28503265584322,0.0,-335.7914956173875,False,False,False
47,30,4,438,101.780327836958,0.3088342662448284,-327.1309455979406,False,False,False
47,40,4,458,91.320525111179,0.44555420219244823,-325.49590336049243,False,False,False
47,50,4,504,55.79150237551027,0.9664070107108081,-294.7860997102749,False,False,False
47,59,2000,2510,50.369419498076425,0.9654501216545012,-272.359832389455,True,False,True
48,10,4,8,320.95574212232174,0.0,1.7214570095816935,False,False,False
48,20,28,218,215.9286219329747,0.0,-347.09737482513907,False,False,False
48,30,16,462,93.58654170045949,0.34071550255536626,10.234427040702347,False,False,False
48,40,2,544,41.73849703732115,0.8831263696128561,16.34141716336927,False,False,False
48,48,2000,3374.6666666666665,25.58203562827957,1.0,25.48050707509825,True,False,True
49,10,6,26,311.9630114761412,0.0,-357.2717023467456,False,False,False
49,20,12,72,288.30626635010555,0.0,-355.8147840970054,False,False,False
49,30,28,328,161.56889076163736,0.0,2.833695992870505,False,False,False
49,40,2,504,53.58452639410556,0.8972485999513027,277.54085674982986,False,False,False
49,50,2,498,62.07473443322983,0.6534146341463415,235.86104497424017,False,False,False
49,60,0,542,59.39599466394255,0.7539585870889159,300.7345936278496,False,False,False
49,70,0,542,59.22441971066388,0.7655374116500122,300.7502114881712,False,False,False
49,80,0,540,55.35131597380607,0.834387159533074,293.66474398494023,False,False,False
49,90,0,538,54.40563574820203,0.8582198443579766,291.36722444545086,False,False,False
49,100,0,538,54.29711501466281,0.8584286061785453,291.06524083270324,False,False,False
49,110,2,536,52.851353058382564,0.9051913234218865,286.2890355642138,False,False,False
49,120,0,536,53.55295723270136,0.8808365758754864,288.77426551919405,False,False,False
49,130,0,536,53.00379734816674,0.8888618677042801,286.94251380337016,False,False,False
49,140,-2,536,53.77381101183434,0.8704108922927304,289.45442007025554,False,False,False
49,150,0,530,51.31903968551776,0.9281013892273946,276.78352006949274,False,False,False
49,160,4,540,55.12383282019782,0.8396593673965936,295.1619943319399,False,False,False
49,170,0,542,56.40054554657976,0.800779347296639,298.5542639770117,False,False,False
49,180,0,540,54.87847383941183,0.8394551204086597,294.8783183471162,False,False,False
49,190,-2,538,53.6763579783116,0.8630836575875487,292.0404965931393,False,False,False
49,200,0,542,55.608966218576334,0.8295953193564115,297.59615520334074,False,False,False
49,210,0,540,54.63368158562948,0.8375943511078646,294.68151212239843,False,False,False
49,220,0,540,54.00619276124933,0.862043795620438,293.15834519962897,False,False,False
49,230,-2,538,53.41521466607203,0.8731742940603701,291.66984454040147,False,False,False
49,240,0,534,50.53330608621607,0.9355387983459013,282.71093986690954,False,False,False
49,250,0,536,50.80351361356987,0.9332683877252801,284.52451225821864,False,False,False
49,260,0,532,49.78865769363101,0.943579766536965,278.2008661274853,False,False,False
49,270,0,532,49.72395059608878,0.943524829600779,277.600006051479,False,False,False
49,280,-2,530,49.53517395732222,0.9425091352009745,276.1555125095124,False,False,False
49,290,0,532,49.88809384407374,0.9437819420783645,279.58267706384595,False,False,False
49,300,-2,534,50.1975337443519,0.935068093385214,281.6417572193162,False,False,False
49,310,4,524,49.08143333226977,0.9288325615403363,266.3505048796639,False,False,False
49,320,0,544,53.54152108898551,0.8392987582176772,299.13792992369133,False,False,False
49,330,0,538,49.02296519801038,0.9403457511565619,286.123367861268,False,False,False
49,340,0,532,47.31128334173721,0.9568818514007308,274.9037654247402,False,False,False
49,350,-2,532,47.373939630456825,0.9642596644784829,276.1134034348205,False,False,False
49,360,0,540,49.647071711055645,0.9284323271665044,291.30834701356184,False,False,False
49,367,2000,2540,49.399511234667074,0.9380638868568641,290.4068385072632,True,False,True
50,10,6,26,311.96183889030016,0.0,-357.6773441383662,False,False,False
50,20,24,184,232.88292320939982,0.0,-355.49604313394843,False,False,False
50,30,12,394,126.93018742851687,0.0,-349.13287704534224,False,False,False
50,40,0,430,109.79076775571194,0.14393570384802729,-349.05967020020773,False,False,False
50,50,10,542,49.34601292694347,0.8057448880233691,10.221776257821157,False,False,False
50,60,-2,1101.3333333333333,13.497656501500359,1.0,37.365626683167065,False,False,False
50,70,0,1103.3333333333333,8.266319409351508,1.0,97.58353661163926,False,False,False
50,76,2000,3103.333333333333,8.207602732090075,1.0,93.04181483397178,True,False,True
51,10,6,26,311.96258074310833,0.0,-357.4882475817648,False,False,False
51,20,20,178,235.62814736167493,0.0,-350.31771401765576,False,False,False
51,30,0,250,200.37225818901192,0.0,-350.2034023763972,False,False,False
51,40,8,298,176.00390963694957,0.0,-349.68958053967606,False,False,False
51,50,4,358,145.2289072955561,0.0,-350.47073200675214,False,False,False
51,60,14,442,103.84935224613811,0.22503653190452996,8.650830504483347,False,False,False
51,70,0,494,77.2069393791135,0.5122900949136043,11.14615318735533,False,False,False
51,80,2,508,69.3570630415841,0.588263939615291,11.699264486123536,False,False,False
51,90,2,538,47.345169454787545,0.8192888455918168,16.2767475813846,False,False,False
51,100,502.6666666666667,1048.6666666666667,24.69231894714103,1.0,30.798135813805498,False,False,False
51,109,2000,3048.666666666667,26.06049726577925,1.0,148.5621638396494,True,False,True
52,10,6,26,311.9612291480931,0.0,-357.7432940206017,False,False,False
52,20,24,182,233.28500078711363,0.0,-349.26033083467576,False,False,False
52,30,20,448,95.97836307896684,0.37341772151898733,-326.42974215547827,False,False,False
52,40,-2,508,51.388263518957615,0.9936724263811146,106.72125245519894,False,False,False
52,44,2000,2506,54.0723631190968,0.9922122170844487,114.1789333435668,True,False,True
53,10,6,26,311.9613216197745,0.0,-357.8172022948658,False,False,False
53,20,4,136,256.41336606803077,0.0,-356.9863385067047,False,False,False
53,30,8,196,227.57672915699786,0.0,2.3488596122464442,False,False,False
53,40,0,224,212.42679550465056,0.0,1.4217166170645839,False,False,False
53,50,0,248,200.42957128707707,0.0,0.8472549703778239,False,False,False
53,60,8,304,172.78255996441223,0.0,-1.868778699235953,False,False,False
53,70,28,506,70.82685651730382,0.5524458505719153,349.6970717089364,False,False,False
53,77,-27.70896728761294,1018.291032712387,35.486463858299075,0.9810126582278481,204.65166859229998,False,True,True
54,10,6,26,311.9605868716474,0.0,-357.8740853634936,False,False,False
54,20,20,180,235.44518949808122,0.0,-355.1435211294694,False,False,False
54,30,0,258,196.13046352188937,0.0,3.112339607314064,False,False,False
54,40,4,288,180.4367683479518,0.0,3.3600991393430055,False,False,False
54,50,30,512,68.93111772589005,0.5726454125091263,3.430028560145117,False,False,False
54,57,-26.80535851120307,1023.194641488797,30.761205530364812,0.9693132001948368,177.1032434184738,False,True,True
55,10,6,26,311.95943504248015,0.0,-357.8645735167385,False,False,False
55,20,22,180,234.45361128030245,0.0,-353.4252294692934,False,False,False
55,30,26,414,117.75123357260932,0.06744582420258095,7.63749180450852,False,False,False
55,40,0,1050.0,15.446167054314467,1.0,167.44012576232132,False,False,False
55,42,-26.79706630581691,1023.2029336941831,31.032090930070563,0.9992688276870583,169.50119448889694,False,True,True
56,10,8,28,311.9609536727196,0.0,-358.00502299880327,False,False,False
56,20,-2,90,280.2544300128809,0.0,-352.42096880438726,False,False,False
56,30,16,206,221.55638103471048,0.0,-350.53619183485085,False,False,False
56,40,20,390,129.89625163540586,0.0,8.819144687370954,False,False,False
56,50,4,548,37.81696790307926,0.9105750487329435,-10.944136842669414,False,False,False
56,60,-27.450283927836427,1020.5497160721636,32.99076729693784,0.992204628501827,188.73055691362583,False,True,True
57,10,6,26,311.9631527093765,0.0,-357.2883729913146,False,False,False
57,20,24,184,233.0154746704806,0.0,-354.6228644303315,False,False,False
57,30,30,478,85.89433932341335,0.3931873479318735,-7.498423404254647,False,False,False
57,39,-32.071506600254956,1009.9284933997451,48.67289229966978,0.9218407596785975,198.07229820229998,False,True,True
58,10,6,26,311.96183889030016,0.0,-357.6773441383662,False,False,False
58,20,26,184,233.1298863028687,0.0,-354.6796890082107,False,False,False
58,30,24,466,87.8251213388233,0.35879348090488933,332.1037845303758,False,False,False
58,40,-39.897607572598055,456.1023924274019,76.39793674856811,0.4351739236195573,206.19329709696058,False,True,True
59,10,6,26,311.9637705577119,0.0,-357.2439151560505,False,False,False
59,20,24,184,232.9944552494835,0.0,-352.4459668767098,False,False,False
59,30,0,296,176.29295719506226,0.0,-353.426825159514,False,False,False
59,40,8,330,160.1625632778678,0.0,-353.0934757792471,False,False,False
59,50,16,536,48.155109212425806,0.8238871320846509,20.217368300978677,False,False,False
59,60,-2,1044.0,25.887177302657584,1.0,145.46352865834982,False,False,False
59,65,2000,3046.0,26.2032341354785,1.0,145.75952453049422,True,False,True
60,10,8,28,311.9602232742397,0.0,1.6886056680142683,False,False,False
60,20,24,184,232.85073974516266,0.0,1.6662351646631133,False,False,False
60,30,30,476,86.22049826221956,0.4004381694255112,-347.8092791431426,False,False,False
60,38,-26.472761799247902,1015.5272382007521,32.73300740629913,0.9836943295205646,148.13399288530766,False,True,True
61,10,4,8,320.4160750205697,0.0,1.7842070466838102,False,False,False
61,20,28,210,219.82986923375566,0.0,-346.59649349946477,False,False,False
61,30,14,450,92.21705116712602,0.41510353227771013,-315.62697199225545,False,False,False
61,40,0,502,54.145868165888295,0.9071184787908337,92.19283875677819,False,False,False
61,42,-26.695266861637982,475.304733138362,54.953335311852975,0.9289018748478208,99.8810568919665,False,True,True
62,10,6,26,311.9616803498023,0.0,-357.42138200913337,False,False,False
62,20,24,184,232.93732300338547,0.0,-355.09786169700783,False,False,False
62,30,16,440,104.53409302474564,0.20189965903555773,0.4780621503965907,False,False,False
62,40,4,528,61.03827458642448,0.6574975657254138,-1.7277371820495584,False,False,False
62,50,4,536,57.26971602084961,0.6993909866017053,-1.9844224130735297,False,False,False
62,60,0,548,40.719713744621295,0.8723818801753531,-6.89521406613687,False,False,False
62,70,0,548,36.38893556541037,0.9136463147652639,-8.269611209874837,False,False,False
62,80,2,550,26.104665237289435,0.9963468095470044,-12.401820995465792,False,False,False
62,89,-26.22416942175653,1103.1091639115766,29.140646775858556,0.9956183057448881,188.9007164076658,False,True,True
63,10,6,26,311.96242399363086,0.0,-357.77204394254653,False,False,False
63,20,14,168,240.22427459344186,0.0,-355.8276945692764,False,False,False
63,30,4,228,211.37102151008594,0.0,1.6510250106850926,False,False,False
63,40,8,276,187.48490680458107,0.0,-0.7138114644897956,False,False,False
63,50,2,308,170.65075988934885,0.0,-1.9874395584614382,False,False,False
63,60,4,332,159.10954843565503,0.0,-2.4467482207534625,False,False,False
63,70,14,410,120.3787573281187,0.02335766423357664,-9.105005378041124,False,False,False
63,80,0,492,75.52662081200269,0.4945188794153471,338.3049159476011,False,False,False
63,90,0,506,65.89780633078004,0.6075517661388551,333.39901692645424,False,False,False
63,100,2,510,63.23784282878072,0.6408193123628383,331.62241641879734,False,False,False
63,110,0,522,52.86033885379748,0.7732034104750305,325.1936645676248,False,False,False
63,120,0,1090.0,30.90081335102818,1.0,274.4150289710068,False,False,False
63,126,2000,3090.0,32.0897200450681,1.0,253.59230378185276,True,False,True
64,10,4,12,319.60666188925074,0.0,-358.1017876809756,False,False,False
64,20,10,62,293.97824600591656,0.0,-356.5922434649299,False,False,False
64,30,30,262,193.90864443067733,0.0,-351.6024749906182,False,False,False
64,40,16,532,48.808717491814974,0.8344290236182128,25.487742690654493,False,False,False
64,45,-26.062073804957176,1015.9379261950428,33.23893143830473,0.9936724263811146,139.93091838848835,False,True,True
65,10,0,20,314.02962012511654,0.0,1.8069632127831954,False,False,False
65,20,8,76,286.59874931043424,0.0,-357.7929292488681,False,False,False
65,30,4,180,234.750874100623,0.0,-357.3703238951904,False,False,False
65,40,2,192,228.60509597994175,0.0,1.7759144926002557,False,False,False
65,50,12,280,185.7314266597941,0.0,-4.010852850975511,False,False,False
65,60,4,316,166.41496614202066,0.0,-5.426633790800228,False,False,False
65,70,12,390,130.37310836627262,0.0,350.7150061842692,False,False,False
65,80,4,460,93.96366201096407,0.3003163786809443,346.1530257705612,False,False,False
65,90,8,492,75.94320414572759,0.5009732360097323,340.3295180887722,False,False,False
65,100,0,506,68.54587669100222,0.5848138233146751,337.17906739114824,False,False,False
65,110,2,524,51.96931172586647,0.7773989283974672,329.571241981721,False,False,False
65,120,0,530,45.64680852472866,0.8522395326192794,324.6731324326242,False,False,False
65,130,0,532,41.03484387882281,0.914536157779401,319.6596235448708,False,False,False
65,140,0,534,38.6703253935533,0.9447419668938656,316.6634065680266,False,False,False
65,147,2000,2536,33.422405088774596,0.9990258158792011,307.68400357796895,True,False,True
66,10,6,26,311.9620377608171,0.0,-357.77719860758305,False,False,False
66,20,16,168,240.30316251441963,0.0,-355.51568542914026,False,False,False
66,30,0,252,199.1415733116627,0.0,-355.0904279209388,False,False,False
66,40,28,364,143.4480393579698,0.0,-354.14645258027315,False,False,False
66,50,0,1042.0,22.45284748025784,1.0,-251.3904058963001,False,False,False
66,52,-28.049195741389997,1011.95080425861,39.248516717979506,0.9480741101901512,142.75149443267094,False,True,True
67,10,8,28,311.9611842211336,0.0,-358.11888950611416,False,False,False
67,20,24,182,233.42385419080682,0.0,-348.4477892918049,False,False,False
67,30,12,422,110.56580725731229,0.18339016074037992,-330.684621575157,False,False,False
67,40,6,510,59.07430538825005,0.8293158022887752,41.799941516012616,False,False,False
67,50,0,1148.6666666666667,40.75866761689456,1.0,71.59581369239044,False,False,False
67,51,2000,3148.666666666667,40.75866761689456,1.0,71.59581369239044,True,False,True
68,10,6,26,311.9665829486692,0.0,-356.80517613888577,False,False,False
68,20,16,168,240.52280248279916,0.0,-351.71723743861554,False,False,False
68,30,20,356,147.51063353488698,0.0,-1.0328944049042337,False,False,False
68,40,8,522,53.15520154939158,0.7517056530214425,328.2697617719053,False,False,False
68,50,0,1034.0,33.58072614397523,0.9929423217327817,235.75071780447468,False,False,False
68,60,2,1040.0,30.966025145596554,1.0,245.32492579987235,False,False,False
68,65,2000,3046.0,28.913429952138443,1.0,258.08281306067016,True,False,True
69,10,8,16,316.9077682560369,0.0,-357.9789305502875,False,False,False
69,20,28,244,202.0312030599748,0.0,-344.62820185119045,False,False,False
69,30,16,504,63.662985983748456,0.7409301193084977,-323.3496789962792,False,False,False
69,39,-30.063600416245894,985.9363995837541,51.52327628952129,0.9805115712545676,-232.58329173349168,False,True,True
70,10,6,26,311.96129388627315,0.0,-357.4771896372716,False,False,False
70,20,24,184,233.02886449434226,0.0,-353.8144019836565,False,False,False
70,30,28,456,96.7485844650716,0.2870708546384222,1.724445825503058,False,False,False
70,40,-2,1048.0,11.287574918427422,1.0,223.33581448492993,False,False,False
70,46,2000,3050.0,17.078292321441765,1.0,206.0212934389011,True,False,True
71,10,8,28,311.9598122114579,0.0,-358.12655766295126,False,False,False
71,20,24,184,232.85514391598738,0.0,2.174741206297912,False,False,False
71,30,16,420,115.70847936129972,0.07641761985884643,-0.5971288433428831,False,False,False
71,40,4,468,91.33427895816195,0.32465320029204187,-1.9891888444079802,False,False,False
71,50,10,524,62.65160581086043,0.6307205452775073,-5.5570191631846715,False,False,False
71,60,0,1050.0,26.04039906130476,1.0,192.13598020570006,False,False,False
71,61,-26.66218508387764,1023.3378149161224,30.523390365528098,0.9922122170844487,189.02301582686846,False,True,True
72,10,6,26,311.9619442188573,0.0,-357.6560329254804,False,False,False
72,20,24,184,232.96825112751011,0.0,-356.7800226389531,False,False,False
72,30,12,392,129.27902209951756,0.0,-6.816233744822777,False,False,False
72,40,10,436,106.58164388227827,0.16277372262773723,-11.686910063980044,False,False,False
72,50,2,1038.0,26.126004253240794,1.0,285.8914405196068,False,False,False
72,57,-29.38529394509755,1004.6147060549024,42.57125239698381,0.9965870307167235,212.62959105546938,False,True,True
73,10,16,56,296.39079845134364,0.0,-356.47629541911243,False,False,False
73,20,16,298,175.45976347332456,0.0,-348.34719058890755,False,False,False
73,30,0,360,145.07686085841488,0.0,-346.7033495512951,False,False,False
73,40,2,386,131.19043431262017,0.0,-345.7717219693934,False,False,False
73,50,12,500,72.36958251452793,0.567462250365319,17.504773720655955,False,False,False
73,60,2,1042.0,23.655773039084988,1.0,114.90682383802056,False,False,False
73,63,-26.289825522840164,1013.7101744771599,33.830621240995754,0.9934258582907232,140.64962721550907,False,True,True
74,10,6,26,311.9624334542087,0.0,-357.58930000482167,False,False,False
74,20,24,184,232.98473188342,0.0,-352.4893423235046,False,False,False
74,30,6,312,168.88908843598017,0.0,-353.0495342213895,False,False,False
74,40,10,340,155.3547049042614,0.0,6.280894136751474,False,False,False
74,50,4,424,113.4225665418081,0.10686465433300876,5.813960162911323,False,False,False
74,60,0,446,101.68108477772165,0.2299634591961023,5.371119059093809,False,False,False
74,70,4,492,78.27327487184219,0.4907587548638132,1.1579253972696688,False,False,False
74,80,4,528,60.52421607123925,0.6658554392796301,-5.65132446520795,False,False,False
74,90,2,546,47.42480767420982,0.8072904009720535,-7.470259033061357,False,False,False
74,100,-2,1284.6666666666665,11.461015895359788,1.0,316.53194381275983,False,False,False
74,106,2000,3286.6666666666665,9.725487040896716,1.0,305.51686760349696,True,False,True
75,10,6,26,311.96173504828187,0.0,-357.60365382449373,False,False,False
75,20,26,184,233.04695320427032,0.0,-352.63052458708023,False,False,False
75,30,26,470,86.77654158674986,0.3678188899707887,333.727145933654,False,False,False
75,40,-34.46433859614681,979.5356614038532,61.417293015374774,0.8293988805062059,218.66823382146816,False,True,True
76,10,6,26,311.96192504668113,0.0,-357.27441009072936,False,False,False
76,20,4,136,256.47057730307296,0.0,-355.5142794755637,False,False,False
76,30,20,216,216.3403349377106,0.0,2.428469181477085,False,False,False
76,40,18,486,79.53280891164145,0.45051194539249145,342.4843123250007,False,False,False
76,50,0,1054.0,35.09715459152583,0.9934338521400778,247.8823056967344,False,False,False
76,60,0,1054.0,38.99897360679472,0.9651729176814418,235.28756716027723,False,False,False
76,70,0,1054.0,38.89628585480068,0.9652237354085603,235.58563795242014,False,False,False
76,80,2,1062.0,35.337086703560644,0.9929251036838254,249.0354764140332,False,False,False
76,83,2000,3064.0,35.023884869333024,0.9965895249695493,250.7864717721283,True,False,True
77,10,6,26,311.9620688755276,0.0,-357.73002745613314,False,False,False
77,20,20,180,235.34551724754854,0.0,-355.54924193419225,False,False,False
77,30,0,268,191.73740231802557,0.0,-354.990608738123,False,False,False
77,40,28,412,118.40647680713508,0.057219381543705865,2.5568547027448765,False,False,False
77,50,-2,1048.0,13.746532432662516,1.0,208.10981301024373,False,False,False
77,53,-26.780319637947876,1023.2196803620521,30.922498033493596,0.9917355371900827,189.52904906947467,False,True,True
78,10,6,26,311.96190248722945,0.0,-357.64159983256326,False,False,False
78,20,26,184,233.1026324314657,0.0,-351.81054164066336,False,False,False
78,30,24,466,89.55607685942881,0.39547335118033583,-337.41637234866937,False,False,False
78,40,0,1278.0,37.71676132364657,1.0,-289.6757293282132,False,False,False
78,43,2000,3280.0,37.50643412546935,1.0,-288.8130143774702,True,False,True
79,10,6,26,311.960017981687,0.0,-357.73951073472085,False,False,False
79,20,12,144,253.09354467055172,0.0,-352.53144631851467,False,False,False
79,30,0,168,240.3381911157949,0.0,-352.6923268355401,False,False,False
79,40,30,350,149.7847638006473,0.0,5.264619056841624,False,False,False
79,50,0,1048.0,6.954701473829786,1.0,32.02222822784583,False,False,False
79,54,-26.48192794592213,1023.5180720540778,30.259966174040695,0.9873294346978557,166.3332997007315,False,True,True
80,10,4,20,315.73871064755025,0.0,1.737255902936655,False,False,False
80,20,8,68,290.1008390398766,0.0,1.356045893209651,False,False,False
80,30,4,168,241.66876874979548,0.0,2.0766650398334874,False,False,False
80,40,24,260,195.7419951565116,0.0,0.39048193798447484,False,False,False
80,50,16,526,51.570721597272765,0.7730703676649623,329.3250434627472,False,False,False
80,57,-34.60924862615886,995.3907513738411,57.465553463908925,0.8622871046228711,200.99961161513457,False,True,True
81,10,0,10,320.15622833858214,0.0,-358.1632844641784,False,False,False
81,20,20,166,241.06460097342278,0.0,-348.3158401854186,False,False,False
81,30,2,272,188.70246577635137,0.0,-349.20289477825514,False,False,False
81,40,14,380,133.8584737027914,0.0,-345.0630836187331,False,False,False
81,50,2,428,110.37705117483765,0.16021426832237642,-345.003383616036,False,False,False
81,60,8,534,39.066515002078816,0.9827124421719017,41.41187076226961,False,False,False
81,65,-26.832236355247563,1009.1677636447524,37.64431435748799,0.9780755176613886,133.99909064513147,False,True,True
82,10,8,28,311.96063247537074,0.0,-357.9923250176345,False,False,False
82,20,24,184,232.917518642158,0.0,-356.75722809921933,False,False,False
82,30,22,462,91.59613494330378,0.317429406037001,342.04701799897816,False,False,False
82,40,0,518,43.001426265192514,0.9715466926070039,268.707735137208,False,False,False
82,50,4,544,51.4760480486225,0.833699097781029,306.32346880847615,False,False,False
82,60,0,546,53.254660335892794,0.8012664393570385,309.9587184731808,False,False,False
82,70,0,544,51.42694622197925,0.8261927945472249,307.25420247780954,False,False,False
82,80,0,544,52.05074138554511,0.8122717311906501,308.47159862911644,False,False,False
82,90,0,538,47.00599199430255,0.9154483430799221,297.45303872264174,False,False,False
82,100,2,542,49.29873600781073,0.8717449501095157,302.49363628287824,False,False,False
82,110,-2,534,44.1444618049348,0.9642074506939372,289.15808021703987,False,False,False
82,120,0,530,42.465932015454264,0.9914717348927875,279.63585396226085,False,False,False
82,130,0,530,42.60393501732224,0.9878256635013392,280.80866551101263,False,False,False
82,140,2,534,43.717359489556074,0.9720058422590068,287.2163794960329,False,False,False
82,150,0,534,44.2608210448737,0.9571254567600487,289.7117001589434,False,False,False
82,160,0,544,52.37618875744317,0.8126064735945485,308.8187650670025,False,False,False
82,170,0,538,43.895610892766086,0.9454191033138402,294.2084961968559,False,False,False
82,180,0,538,44.087771966478094,0.9454589724859995,294.71663201357,False,False,False
82,190,0,522,41.855857756349586,0.9529956161714564,254.0792885036547,False,False,False
82,199,2000,2522,41.607539710367064,0.9532733025066926,255.45739215538558,True,False,True
83,10,6,26,311.9626440821629,0.0,-357.33829390965474,False,False,False
83,20,12,140,254.8693352835342,0.0,1.110994260324374,False,False,False
83,30,20,308,170.45150345915704,0.0,-3.2402932239809354,False,False,False
83,40,6,458,95.48477885168204,0.28140214216163584,351.3680153691334,False,False,False
83,50,4,500,72.43347332026273,0.5265465172917682,343.5748857692607,False,False,False
83,60,8,512,65.43925183883272,0.6161517878861591,340.3613775413572,False,False,False
83,70,6,534,44.8169660725318,0.8515453881723047,330.95043531493843,False,False,False
83,80,2000,3040.0,25.106477589188106,1.0,241.73206931369825,True,False,True
84,10,8,28,311.960847146035,0.0,-357.940978984522,False,False,False
84,20,24,184,232.81076771294966,0.0,-356.8221573841815,False,False,False
84,30,28,480,85.09399601842296,0.4063337393422655,1.5725089982264733,False,False,False
84,40,-2,1048.0,23.156841307939885,1.0,164.03903217894697,False,False,False
84,41,-26.01524132459845,1021.9847586754015,28.845745927733574,0.9836943295205646,165.56522728365107,False,True,True
85,10,6,26,311.961345299525,0.0,-357.93467165790497,False,False,False
85,20,16,168,240.3021300092559,0.0,-354.6851269935048,False,False,False
85,30,18,352,148.71089488047136,0.0,3.4277750665776825,False,False,False
85,40,8,528,51.80386822367312,0.7684441197954711,333.2772818208652,False,False,False
85,50,0,1070.0,32.4171131410026,0.9885477582846004,240.81983512285382,False,False,False
85,60,4,1080.0,28.66934612522377,1.0,264.2243750879669,False,False,False
85,70,0,1090.0,29.171872901260997,1.0,283.04585135306536,False,False,False
85,80,-2,1088.0,29.006766391746943,1.0,281.9344138069107,False,False,False
85,90,4,1106.0,38.1342152105155,0.9386562804284323,314.44468510591656,False,False,False
85,100,0,1108.0,41.68895337253385,0.8993909866017052,319.64202810677347,False,False,False
85,110,-2,1070.0,31.715721402086142,0.999513263567778,237.901299274733,False,False,False
85,120,0,1070.0,33.06744086137408,0.9924408680809559,233.98131340991344,False,False,False
85,130,0,1070.0,39.684516955778236,0.9471505114466634,218.40007199866614,False,False,False
85,140,4,1086.0,30.4820109589012,1.0,241.9302057175305,False,False,False
85,150,0,1108.0,29.840173668147067,1.0,293.53731485102196,False,False,False
85,160,0,1110.0,30.821209667973342,0.9990243902439024,297.3781624532092,False,False,False
85,161,2000,3110.0,30.821209667973342,0.9990243902439024,297.3781624532092,True,False,True
86,10,6,26,311.9617817461931,0.0,-357.42828481508127,False,False,False
86,20,20,180,234.43508176291346,0.0,-355.20838174343544,False,False,False
86,30,28,416,117.11128228071016,0.062317429406037,3.0767782606215914,False,False,False
86,40,-25.417156680397575,1024.5828433196025,26.40343983498076,0.9992693619094009,179.17649344641882,False,True,True
87,10,6,26,311.9625261463584,0.0,-357.6932214203834,False,False,False
87,20,12,156,247.1950033791558,0.0,-353.91646778798,False,False,False
87,30,12,212,218.95135682329575,0.0,-354.70434584593187,False,False,False
87,40,10,316,167.46711511735185,0.0,2.839416365735273,False,False,False
87,50,4,396,126.3353440015408,0.00024348672997321646,-3.429126488443502,False,False,False
87,60,2,414,117.8012748518559,0.05116959064327485,-6.9951134390832435,False,False,False
87,70,6,452,97.63656887616997,0.25529325870041375,-13.870324961534818,False,False,False
87,80,6,482,80.93368765917612,0.4371199221600584,339.7123175031539,False,False,False
87,90,4,522,52.62335265989196,0.7606525444363282,326.27359995915344,False,False,False
87,100,0,1299.333333333333,30.854076891760005,1.0,286.5993041037884,False,False,False
87,110,4,1305.333333333333,31.44360404057313,1.0,289.3755197715227,False,False,False
87,116,2000,3309.333333333333,33.322516240511824,0.9980530542711122,297.21001894858347,True,False,True
88,10,0,10,320.15627495286674,0.0,-358.0767743927509,False,False,False
88,20,28,182,233.6078367914684,0.0,-349.0917360077581,False,False,False
88,30,26,464,90.24587397007774,0.4005356708059411,-336.3197761104679,False,False,False
88,40,2,1028.0,39.048147309345765,1.0,-243.55617958115812,False,False,False
88,45,2000,3026.0,40.90092916168738,1.0,-239.48105473477906,True,False,True
89,10,6,26,311.9621925373747,0.0,-357.5615971539229,False,False,False
89,20,24,184,232.92635695872295,0.0,-355.7726267851736,False,False,False
89,30,26,468,89.51945477711965,0.3786218651083516,-340.69902406487495,False,False,False
89,40,0,1296.0,35.71812067762216,1.0,-299.0626175763892,False,False,False
89,42,2000,3296.0,35.82060168348884,1.0,-299.3688018114542,True,False,True
90,10,6,26,311.9637503344048,0.0,-357.2101246149209,False,False,False
90,20,0,80,284.72902596631434,0.0,-355.94144725851385,False,False,False
90,30,28,254,198.37604756650688,0.0,-348.2325628205489,False,False,False
90,40,10,408,119.20543908764168,0.0708029197080292,-339.6056217514883,False,False,False
90,50,4,508,60.37434088882257,0.7568818514007308,-322.21325651929027,False,False,False
90,60,546.6666666666666,1068.6666666666665,41.37383977396967,1.0,-297.03879180547744,False,False,False
90,70,0,1072.6666666666665,36.857584204889754,1.0,-268.3174712500737,False,False,False
90,71,2000,3072.6666666666665,36.857584204889754,1.0,-268.3174712500737,True,False,True
91,10,2,8,321.735508078718,0.0,-357.85364678591435,False,False,False
91,20,20,172,238.19490600354987,0.0,-356.20594723453394,False,False,False
91,30,22,410,120.00794097249653,0.035296981499513144,4.470579551123056,False,False,False
91,40,0,544,48.979620222722794,0.7769118363370677,6.853509954608363,False,False,False
91,50,-2,1120.0000000000002,18.94700743471517,1.0,16.07755930077458,False,False,False
91,56,2000,3122.0,11.290324588469694,1.0,27.38868177053525,True,False,True
92,10,8,28,311.96002205368154,0.0,1.7633477193991247,False,False,False
92,20,8,144,253.4481448745003,0.0,-357.275742706393,False,False,False
92,30,16,208,221.62630731751645,0.0,2.312772980839404,False,False,False
92,40,24,472,89.47597224402429,0.34444985394352484,-4.465888806581469,False,False,False
92,50,0,546,39.925593941611965,0.8759746588693957,345.4329406475165,False,False,False
92,60,0,1093.3333333333333,27.51018159748242,1.0,204.16886739679464,False,False,False
92,70,0,1093.3333333333333,38.507541646352635,1.0,194.16358766103866,False,False,False
92,80,0,1093.3333333333333,37.926289704606454,1.0,194.69224308703255,False,False,False
92,90,0,1093.3333333333333,37.6942086667521,1.0,194.88934991988077,False,False,False
92,100,0,1093.3333333333333,37.46233412239156,1.0,195.05553421447416,False,False,False
92,110,0,1093.3333333333333,37.37539999858254,1.0,195.1477603868709,False,False,False
92,112,2000,3095.333333333333,36.17993460633483,1.0,196.0161356349902,True,False,True
93,10,6,26,311.9620459499957,0.0,-357.64114813805,False,False,False
93,20,22,180,234.4027998754149,0.0,-352.3019625381222,False,False,False
93,30,2,294,178.18591121555085,0.0,-353.7394404216338,False,False,False
93,40,24,410,118.81441831757785,0.05792163543441227,-348.70764836988815,False,False,False
93,50,-26.10776871305651,1013.8922312869435,34.109909081334166,0.9846678023850085,137.31540801413283,False,True,True
94,10,6,26,311.96287877099917,0.0,-357.56087280202183,False,False,False
94,20,24,184,232.8800678870395,0.0,1.5594975979508707,False,False,False
94,30,24,462,92.67852502672025,0.310916179337232,-10.178853174953888,False,False,False
94,40,0,1046.0,21.739953618027407,1.0,223.10957978356305,False,False,False
94,43,-26.560824539265305,1017.4391754607346,31.954253033455227,0.9990260530801072,205.90574486769341,False,True,True
95,10,6,26,311.9627697788999,0.0,-357.49926073186396,False,False,False
95,20,12,148,251.9385816933306,0.0,0.9450338308127594,False,False,False
95,30,4,172,238.50915562314492,0.0,0.22183910039579213,False,False,False
95,40,16,328,160.1827411674586,0.0,-4.009785116662639,False,False,False
95,50,0,404,122.70007761003066,0.01412911084043849,-7.905742939938484,False,False,False
95,60,2,436,106.48417704726975,0.1660588378312667,349.5851684086983,False,False,False
95,70,502.0,1038.0,29.783180315007073,1.0,309.8031655770687,False,False,False
95,80,0,1038.0,37.676582450749386,1.0,216.7649925658312,False,False,False
95,81,2000,3038.0,37.676582450749386,1.0,216.7649925658312,True,False,True
96,10,6,26,311.96445242798825,0.0,-356.55457377319874,False,False,False
96,20,24,184,233.04963477403408,0.0,-351.3471304421943,False,False,False
96,30,6,346,151.35681065315393,0.0,-343.29294013533223,False,False,False
96,40,6,366,140.93851766995226,0.0,-343.5564425491648,False,False,False
96,50,0,414,117.64607245706587,0.0865969350522987,-343.33720390753024,False,False,False
96,60,0,466,89.5550617534088,0.4004381694255112,-338.91366255512406,False,False,False
96,70,6,538,37.37269473363595,0.9936647173489279,34.202434130457384,False,False,False
96,79,2000,3042.0,19.04319560471059,1.0,92.09680088410576,True,False,True
97,10,0,10,320.15637679307434,0.0,-358.03052517063344,False,False,False
97,20,26,176,237.42361675133026,0.0,-352.9631158331976,False,False,False
97,30,26,426,111.02101237870112,0.10323837350864377,342.88511491556613,False,False,False
97,40,0,522,42.28129933380014,0.9596107055961071,250.8862293446724,False,False,False
97,50,2,518,49.72436286652698,0.8805751888861808,232.49221200174918,False,False,False
97,60,0,520,47.969661586229265,0.8935444579780755,235.67406158735227,False,False,False
97,70,0,520,48.35399066320158,0.8937621832358674,234.98723648356133,False,False,False
97,80,0,516,50.546926702364956,0.8654314968308142,230.87641151310817,False,False,False
97,90,0,518,48.98728577801325,0.8820662768031189,234.0041166341513,False,False,False
97,100,0,522,47.563912503254464,0.8972669594924353,236.84139335357662,False,False,False
97,110,0,522,47.30206955100629,0.9090909090909091,237.4619673065462,False,False,False
97,120,2,524,46.554589986469075,0.9096224116930572,239.348119686418,False,False,False
97,130,2,1116.6666666666665,45.897642205524306,0.949354760165571,300.79973634896385,False,False,False
97,140,0,1116.6666666666665,47.17169116328371,0.9198733560642961,303.24261870329025,False,False,False
97,150,-2,1098.6666666666665,39.52498417608775,1.0,269.36498975654604,False,False,False
97,154,2000,3102.6666666666665,39.61154101955602,1.0,273.87924494407287,True,False,True
98,10,6,26,311.9622459898063,0.0,-357.7075718051028,False,False,False
98,20,26,184,233.12746116650987,0.0,-350.8559722321056,False,False,False
98,30,26,468,88.4480785759997,0.4004381694255112,-340.48318558071696,False,False,False
98,39,-27.52891167754827,1006.4710883224517,39.38645857861117,0.9583739045764362,136.11912772809436,False,True,True
99,10,6,26,311.9616828134206,0.0,-357.84006665453643,False,False,False
99,20,0,92,279.7194746172918,0.0,-356.4469342733593,False,False,False
99,30,24,206,221.56628745392683,0.0,-352.2557951256664,False,False,False
99,40,18,470,84.54099735707233,0.47699050401753107,-325.94989010282586,False,False,False
99,50,0,512,48.704872661075925,0.9956172388604821,-282.97258052543725,False,False,False
99,57,2000,2512,48.803839266550305,0.995859717486605,-283.5541935436978,True,False,True
